Timestamp,Date_StudyStart,Dedicated_wks,STEP2,STEP2.date,Goal,NBME_6,NBME_7,NBME_8,UW_FirstPass,UW_1,UW_2,Rotations,Shelf_IM,Shelf_Surg,Shelf_Peds,Shelf_OBGYN,Shelf_Psych,Shelf_Neuro,Shelf_EM,Shelf_FM,Shelf_Other,Med_school,Curriculum,Specialty,Resources
8/24/2018 12:04:52,3/31/18,5,263,5/3/18,260,258,#N/A,#N/A,#N/A,260,261,"IM, Surgery, Pediatrics, OBGYN, Psychiatry, Family Medicine",,,,,,,,,,US Allopathic School (US MD),Traditional (2 years preclinical & 2 years clinical),Psychiatry,"UWorld, First Aid"
8/24/2018 14:32:03,5/28/18,3,271,6/19/18,261,#N/A,#N/A,250,#N/A,#N/A,#N/A,"IM, Surgery, Pediatrics, OBGYN, Psychiatry, Neurology, Family Medicine, Geriatrics",79,80,87,91,85,90,,83,,US Allopathic School (US MD),Traditional (2 years preclinical & 2 years clinical),Anesthesiology,"UWorld, OnlineMedEd (OME)"
8/24/2018 14:33:22,8/1/17,3,262,6/25/18,250,#N/A,245,250,69,246,258,"IM, Surgery, Pediatrics, OBGYN, Psychiatry, Family Medicine",,,,,,,,,,Osteopathic School (US DO),Traditional (2 years preclinical & 2 years clinical),Get me out of medicine,"UWorld, Anki (general), Online med Ed "
8/24/2018 15:53:43,3/15/18,3.5,256,6/30/18,255,252,#N/A,252,#N/A,248,250,"IM, Surgery, Pediatrics, OBGYN, Psychiatry, Family Medicine",,,,,,,,,,Osteopathic School (US DO),Traditional (2 years preclinical & 2 years clinical),Pediatrics,"UWorld, Anki (Zanki step2), Anki (Bros), Kaplan video lectures"
8/24/2018 16:52:46,6/11/18,3,251,6/28/18,250,#N/A,#N/A,231,70,241,238,"IM, Surgery, Pediatrics, OBGYN, Psychiatry, Neurology, Family Medicine",75,70,,85,90,82,,80,,US Allopathic School (US MD),Traditional (2 years preclinical & 2 years clinical),IM,"UWorld, Online med ed"
8/24/2018 22:16:00,,2.5,256,6/6/17,245,#N/A,#N/A,#N/A,#N/A,244,#N/A,"IM, Surgery, Pediatrics, OBGYN, Psychiatry, Neurology, Family Medicine",,66,75,85,85,77,,,,US Allopathic School (US MD),Traditional (2 years preclinical & 2 years clinical),Psychiatry,UWorld
8/25/2018 8:14:03,5/28/18,4,266,6/22/18,264,#N/A,#N/A,275,75,271,255,"IM, Surgery, Pediatrics, OBGYN, Psychiatry, Neurology, Family Medicine",91,94,83,90,91,88,,86,,US Allopathic School (US MD),Traditional (2 years preclinical & 2 years clinical),IM,"UWorld, Anki (Zanki step2)"
8/25/2018 18:56:08,4/1/18,2.5,263,6/24/18,250,265,240,240,#N/A,261,253,"IM, Surgery, Pediatrics, OBGYN, Psychiatry, Neurology, EM, Family Medicine",78,75,77,80,93,83,,75,,US Allopathic School (US MD),Traditional (2 years preclinical & 2 years clinical),Psychiatry,"UWorld, Anki (Zanki step2)"
8/25/2018 21:25:38,9/4/17,2,257,6/28/18,240,#N/A,#N/A,#N/A,68,238,242,"IM, Surgery, Pediatrics, OBGYN, Psychiatry",86,82,80,80,82,,,,,US citizen in International Medical School (US IMG),Traditional (2 years preclinical & 2 years clinical),Anesthesiology,"UWorld, OnlineMedEd"
8/25/2018 21:40:05,4/10/18,1,255,5/15/18,260,230,#N/A,#N/A,79,251,259,"IM, Surgery, Pediatrics, OBGYN, Psychiatry, Family Medicine, Pulm/CC, Nephro",129,118,123,116,112,,,127,,Osteopathic School (US DO),Traditional (2 years preclinical & 2 years clinical),IM,"UWorld, Anki (general)"
8/26/2018 7:18:58,5/1/18,8,263,6/25/18,260,260,228,258,80,266,259,"IM, Surgery, Pediatrics, OBGYN, Psychiatry, EM",,,,,,,,,,US citizen in International Medical School (US IMG),Traditional (2 years preclinical & 2 years clinical),IM,"UWorld, First Aid"
8/28/2018 9:28:49,5/1/18,3,266,,260,#N/A,#N/A,#N/A,75,268,263,"Surgery, Pediatrics, OBGYN, Psychiatry, Neurology, Family Medicine",,,,,,,,,,US Allopathic School (US MD),Traditional (2 years preclinical & 2 years clinical),Surgery-Ortho,"UWorld, Kaplan Qbank, Anki (general)"
8/28/2018 10:51:03,10/31/17,4,259,6/25/18,260,256,235,243,65,246,258,"IM, Surgery, Pediatrics, OBGYN, Psychiatry, Family Medicine",108,114,112,119,114,,,112,,Osteopathic School (US DO),Traditional (2 years preclinical & 2 years clinical),IM,"UWorld, Online Med Ed"
8/28/2018 11:42:05,5/1/18,3,270,7/15/18,260,#N/A,#N/A,#N/A,#N/A,266,256,"IM, Surgery, Pediatrics, OBGYN, Psychiatry, Neurology, Family Medicine",,,,,,,,,,Osteopathic School (US DO),Traditional (2 years preclinical & 2 years clinical),ENT,"UWorld, First Aid"
8/28/2018 13:48:28,,2,274,6/9/18,270,#N/A,#N/A,#N/A,80,273,274,"IM, Surgery, Pediatrics, OBGYN, Psychiatry, Neurology, Family Medicine",93,89,89,87,92,82,,88,,US Allopathic School (US MD),Traditional (2 years preclinical & 2 years clinical),EM,"UWorld, Sketchy Micro, Sketchy Pharm, Anki (general), Anki (Bros)"
8/28/2018 17:03:44,1/1/18,2.5,257,6/25/18,250,226,#N/A,#N/A,77,254,257,"IM, Surgery, Pediatrics, OBGYN, Psychiatry, Neurology, Family Medicine, Neurology, Critical Care, Radiology",,,,,,,,,,Osteopathic School (US DO),Traditional (2 years preclinical & 2 years clinical),Surgery-General,"UWorld, Anki (general), Anki (Zanki step2), Anki (Bros)"
8/28/2018 18:21:00,5/1/18,3,267,5/25/18,260,#N/A,235,250,#N/A,255,260,"IM, Surgery, Pediatrics, OBGYN, Psychiatry, Neurology, Family Medicine",87,,90,82,93,,,87,,US Allopathic School (US MD),Traditional (2 years preclinical & 2 years clinical),IM,"UWorld, onlinemeded"
8/28/2018 19:26:23,7/31/15,1.5,264,6/22/18,260,#N/A,#N/A,#N/A,77.00,259,261,"IM, Surgery, Pediatrics, OBGYN, Psychiatry, Family Medicine",93,85,87,87,88,,,84,,US Allopathic School (US MD),Traditional (2 years preclinical & 2 years clinical),PM&R,"UWorld, Anki (general), Anki (Bros)"
8/29/2018 10:10:22,6/18/18,6,265,7/27/18,255,#N/A,239,#N/A,75,260,269,"IM, Surgery, Pediatrics, OBGYN, Psychiatry, Family Medicine",,,,,,,,,,US Allopathic School (US MD),Traditional (2 years preclinical & 2 years clinical),IM,"UWorld, Doctors in Training"
8/29/2018 10:27:16,6/1/18,4,257,8/1/18,260,256,215,245,70,249,259,"IM, Surgery, Pediatrics, OBGYN, Psychiatry, Neurology, EM, Family Medicine",76,80,80,78,90,95,80,80,,US Allopathic School (US MD),Traditional (2 years preclinical & 2 years clinical),Psychiatry,"UWorld, Kaplan Qbank, First Aid"
8/29/2018 10:36:07,6/9/18,9,251,8/9/18,245,#N/A,#N/A,#N/A,80,220,246,"IM, Surgery, Pediatrics, OBGYN, Psychiatry, Neurology, Family Medicine",65,85,91,73,90,,,91,,US Allopathic School (US MD),Traditional (2 years preclinical & 2 years clinical),Radiology-Diagnostic,"UWorld, First Aid, Master the Boards"
8/29/2018 10:40:56,5/1/18,4,238,7/20/18,240,#N/A,#N/A,#N/A,60,241,#N/A,"IM, Surgery, Pediatrics, OBGYN, Psychiatry, Family Medicine",77,71,69,76,68,,,70,,US Allopathic School (US MD),Traditional (2 years preclinical & 2 years clinical),EM,"UWorld, Online Med Ed"
8/29/2018 10:43:19,7/2/18,3,265,7/20/18,260,#N/A,#N/A,#N/A,#N/A,260,262,"IM, Surgery, Pediatrics, OBGYN, Psychiatry, Neurology, Family Medicine",79,85,81,83,88,92,,82,,US Allopathic School (US MD),Traditional (2 years preclinical & 2 years clinical),Surgery-Ortho,"AMBOSS, UWorld, Anki (general)"
8/29/2018 10:45:50,3/12/18,2,236,8/3/18,240,#N/A,#N/A,#N/A,60,225,214,"IM, Surgery, Pediatrics, OBGYN, Psychiatry, EM, Family Medicine",,,,,,,,,,Osteopathic School (US DO),Traditional (2 years preclinical & 2 years clinical),Anesthesiology,"AMBOSS, UWorld, Physical flashcards, Emma Holliday"
8/29/2018 10:47:45,6/20/18,4,247,7/23/18,250,237,230,233,65,252,246,"IM, Surgery, Pediatrics, OBGYN, Psychiatry, Neurology, EM, Family Medicine",71,73,88,84,76,,,,,US Allopathic School (US MD),Traditional (2 years preclinical & 2 years clinical),OBGYN,"UWorld, Online Med Ed, Master The Boards, Secrets"
8/29/2018 10:47:49,7/3/18,4,273,8/7/18,270,271,260,271,81,273,274,"IM, Surgery, Pediatrics, OBGYN, Psychiatry, Neurology, EM, Family Medicine, Medicine Sub-I/AI",88,84,87,88,93,90,,,,US Allopathic School (US MD),Traditional (2 years preclinical & 2 years clinical),Dermatology,"UWorld, First Aid, Sketchy Micro, Sketchy Pharm, Step up to Medicine"
8/29/2018 10:49:57,6/9/18,4,250,7/6/18,240,228,230,#N/A,69,247,240,"IM, Surgery, Pediatrics, OBGYN, Psychiatry, Family Medicine, Cardiology, pathology ",116,115,121,121,107,,,108,109,Osteopathic School (US DO),Traditional (2 years preclinical & 2 years clinical),OBGYN,"UWorld, First Aid, Anki (general), Online med ed"
8/29/2018 10:50:44,,3,265,,270,#N/A,#N/A,#N/A,#N/A,#N/A,#N/A,"IM, Surgery, Pediatrics, OBGYN, Psychiatry, Family Medicine",92,84,87,89,89,,,84,,US Allopathic School (US MD),Traditional (2 years preclinical & 2 years clinical),IM,"UWorld, Blueprints (any), OnlineMedEd"
8/29/2018 10:51:30,6/26/18,4,266,7/20/18,255,245,#N/A,#N/A,79.2,263,#N/A,"IM, Surgery, Pediatrics, OBGYN, Psychiatry, Neurology, Family Medicine",,,,,,,,,,US Allopathic School (US MD),Traditional (2 years preclinical & 2 years clinical),Pediatrics,"UWorld, First Aid, Online Med Ed (sporadically)"
8/29/2018 10:52:21,6/25/18,3,239,7/19/18,230,196,218,228,#N/A,#N/A,#N/A,"IM, Surgery, Pediatrics, OBGYN, Psychiatry, Neurology, Family Medicine",82,78,80,72,94,88,,84,,US Allopathic School (US MD),Traditional (2 years preclinical & 2 years clinical),PM&R,UWorld
8/29/2018 10:55:01,7/23/18,7,224,8/10/18,240,209,209,209,65,224,242,"IM, Surgery, Pediatrics, OBGYN, Psychiatry, Neurology, Orthopaedics",70,,67,72,83,75,,,,US Allopathic School (US MD),Traditional (2 years preclinical & 2 years clinical),IM,"UWorld, Kaplan Qbank, Anki (Zanki step2)"
8/29/2018 10:55:45,7/1/18,3,274,7/18/18,260,#N/A,#N/A,#N/A,83,265,268,"IM, Surgery, Pediatrics, OBGYN, Psychiatry, Neurology, Family Medicine",,89,,90,,,,,,US Allopathic School (US MD),Traditional (2 years preclinical & 2 years clinical),Pediatrics,"UWorld, online med ed"
8/29/2018 10:57:07,5/1/18,0,245,7/23/18,240,#N/A,#N/A,#N/A,55,238,226,"IM, Surgery, Pediatrics, OBGYN, Psychiatry, EM, Family Medicine",122,100,116,113,97,,,110,110,Osteopathic School (US DO),Traditional (2 years preclinical & 2 years clinical),OBGYN,UWorld
8/29/2018 10:58:10,6/15/18,2,265,6/30/18,255,245,235,#N/A,#N/A,#N/A,#N/A,"IM, Surgery, Pediatrics, OBGYN, Psychiatry, Neurology, EM, Family Medicine",80,80,94,94,95,,,,,US Allopathic School (US MD),Traditional (2 years preclinical & 2 years clinical),Neurology,UWorld
8/29/2018 10:58:44,6/11/18,4,235,7/6/18,240,#N/A,#N/A,#N/A,60,253,230,"IM, Surgery, Pediatrics, OBGYN, Psychiatry, Family Medicine",78,35,10,40,40,,,60,,US Allopathic School (US MD),Condensed-Traditional (1.5 years preclinical),Radiology-Diagnostic,"UWorld, Anki (Zanki step2)"
8/29/2018 11:00:20,7/2/18,4,256,8/1/18,255,230,243,245,85,259,257,"IM, Surgery, Pediatrics, OBGYN, Psychiatry, Neurology, Family Medicine",81,82,74,77,89,74,,72,,US Allopathic School (US MD),Traditional (2 years preclinical & 2 years clinical),Radiology-Interventional,"UWorld, Anki (general)"
8/29/2018 11:02:39,5/1/18,0,246,7/27/18,250,#N/A,#N/A,#N/A,65,245,246,"IM, Surgery, Pediatrics, Psychiatry, Family Medicine",,,,,,,,,,Osteopathic School (US DO),Traditional (2 years preclinical & 2 years clinical),Surgery-Ortho,UWorld
8/29/2018 11:04:34,6/20/18,3,273,7/20/18,280,#N/A,#N/A,#N/A,80,275,275,"IM, Surgery, Pediatrics, OBGYN, Psychiatry, Family Medicine",87,91,91,90,89,,,88,,US Allopathic School (US MD),Traditional (2 years preclinical & 2 years clinical),Dermatology,"AMBOSS, UWorld, Anki (Zanki step2), Anki (Bros), OME"
8/29/2018 11:06:23,5/6/18,4,256,7/14/18,250,#N/A,#N/A,#N/A,75,255,260,"IM, Surgery, Pediatrics, OBGYN, Psychiatry, Neurology, Family Medicine",87,90,89,95,89,,,90,,US Allopathic School (US MD),Traditional (2 years preclinical & 2 years clinical),Family Medicine,"UWorld, Master the Boards"
8/29/2018 11:07:34,7/2/18,5,273,8/2/18,270,271,#N/A,#N/A,88,271,270,"IM, Surgery, Pediatrics, OBGYN, Psychiatry, Neurology, Family Medicine",,,,,,,,,,US Allopathic School (US MD),Traditional (2 years preclinical & 2 years clinical),Radiology-Diagnostic,"UWorld, Online Med Ed, Divine Intervention videos"
8/29/2018 11:08:30,,3,277,7/8/18,275,271,271,277,84,283,274,"IM, Surgery, Pediatrics, OBGYN, Psychiatry, Neurology, Family Medicine",92,86,95,86,92,96,,95,,US Allopathic School (US MD),Traditional (2 years preclinical & 2 years clinical),IM,"AMBOSS, UWorld, Kaplan Qbank"
8/29/2018 11:09:31,,3,234,7/17/18,245,#N/A,#N/A,#N/A,69,240,240,"IM, Surgery, Pediatrics, OBGYN, Psychiatry, Neurology, EM, Family Medicine",,,,,,,,,,US Allopathic School (US MD),Traditional (2 years preclinical & 2 years clinical),Surgery-General,"UWorld, Online meded "
8/29/2018 11:11:07,5/28/18,6,256,7/14/18,250,#N/A,#N/A,#N/A,#N/A,#N/A,#N/A,"IM, Surgery, Pediatrics, OBGYN, Psychiatry, Neurology, EM, Family Medicine",,,,,,,,,,US Allopathic School (US MD),Traditional (2 years preclinical & 2 years clinical),Family Medicine,"UWorld, First Aid, PreTest"
8/29/2018 11:17:12,7/9/18,4,250,8/10/18,250,#N/A,250,228,72,250,250,"IM, Surgery, Pediatrics, OBGYN, Psychiatry, Family Medicine",,,,,,,,,,US Allopathic School (US MD),Condensed-Traditional (1.5 years preclinical),IM,UWorld
8/29/2018 11:18:37,7/1/18,4,266,7/28/18,265,260,254,264,66,270,264,"IM, Surgery, Pediatrics, OBGYN, Psychiatry, Neurology, Family Medicine",81,85,87,91,93,93,,83,,US Allopathic School (US MD),Condensed-Traditional (1.5 years preclinical),Surgery-Plastic,"UWorld, Sketchy Pharm"
8/29/2018 11:28:11,6/29/18,4,250,7/27/18,237,232,#N/A,232,#N/A,218,247,"IM, Surgery, Pediatrics, OBGYN, Psychiatry, Neurology, Family Medicine, PM&R",65,71,72,71,84,79,,75,,US Allopathic School (US MD),Traditional (2 years preclinical & 2 years clinical),OBGYN,"UWorld, First Aid, Anki (general)"
8/29/2018 11:34:47,7/1/18,4,250,7/27/18,250,245,242,226,#N/A,247,245,"IM, Surgery, Pediatrics, OBGYN, Psychiatry, Neurology, Family Medicine",74,70,74,85,85,85,,87,,US Allopathic School (US MD),Condensed-Traditional (1.5 years preclinical),IM,"UWorld, Anki (general), Anki (Bros)"
8/29/2018 11:35:02,,2,259,7/6/18,250,239,#N/A,241,55,254,244,"IM, Surgery, Pediatrics, OBGYN, Psychiatry, Neurology, EM, Family Medicine",,,,,,,,,,US Allopathic School (US MD),Condensed-Traditional (1.5 years preclinical),Urology,"AMBOSS, UWorld, Anki (Zanki step2)"
8/29/2018 11:36:55,6/28/18,4,248,7/25/18,248,#N/A,#N/A,#N/A,#N/A,#N/A,#N/A,"IM, Surgery, Pediatrics, OBGYN, Psychiatry, Neurology, EM, Family Medicine",80,88,84,73,93,99,,89,,US Allopathic School (US MD),Traditional (2 years preclinical & 2 years clinical),OBGYN,UWorld
8/29/2018 11:42:40,4/6/18,6,263,7/14/18,270,#N/A,#N/A,270,75,270,265,"IM, Surgery, Pediatrics, OBGYN, Psychiatry",84,75,92,75,97,,,,,US Allopathic School (US MD),Traditional (2 years preclinical & 2 years clinical),Radiology-Diagnostic,"UWorld, Kaplan Qbank, Anki (Zanki step2), Anki (Visitor), Uworld Biostats qbank"
8/29/2018 11:42:41,6/25/18,3.5,278,7/19/18,270,279,267,#N/A,88,264,269,"IM, Surgery, Pediatrics, OBGYN, Psychiatry, Neurology, Family Medicine",92,85,92,87,95,91,,93,,US Allopathic School (US MD),Traditional (2 years preclinical & 2 years clinical),IM,UWorld
8/29/2018 11:45:23,,4,261,7/21/18,271,#N/A,#N/A,#N/A,#N/A,255,264,"IM, Surgery, Pediatrics, OBGYN, Psychiatry, Neurology, Family Medicine",85,78,85,85,89,84,,80,,US Allopathic School (US MD),Traditional (2 years preclinical & 2 years clinical),Radiology-Diagnostic,"AMBOSS, UWorld, First Aid, Sketchy Micro, Sketchy Pharm, Sketchy Path, Anki (general)"
8/29/2018 11:46:04,7/2/18,4,244,8/2/18,240,#N/A,#N/A,#N/A,65,242,243,"IM, Surgery, Pediatrics, OBGYN, Psychiatry, Neurology, Family Medicine",,,,,,,,,,US Allopathic School (US MD),Traditional (2 years preclinical & 2 years clinical),IM,UWorld
8/29/2018 11:46:19,6/25/18,5,249,7/30/18,240,#N/A,#N/A,#N/A,82,248,#N/A,"IM, Surgery, Pediatrics, OBGYN, Psychiatry, Neurology, Family Medicine",79,84,90,91,94.5,95,,87,,US Allopathic School (US MD),Traditional (2 years preclinical & 2 years clinical),Pediatrics,"UWorld, Sketchy Micro, StepUp 2 Medicine"
8/29/2018 11:51:26,4/1/18,3,230,7/28/18,240,#N/A,213,#N/A,65,240,222,"IM, Surgery, Pediatrics, OBGYN, Psychiatry, Neurology, EM, Family Medicine",72,80,74,77,86,82,83,63,,US Allopathic School (US MD),Traditional (2 years preclinical & 2 years clinical),Anesthesiology,"UWorld, Goljan audio (step1 or 2), Anki (Zanki step2), OME"
8/29/2018 11:52:24,1/2/18,0,256,12/5/18,250,#N/A,#N/A,#N/A,71,242,250,"Pediatrics, OBGYN, Psychiatry, Family Medicine",,,,,,,,,,US citizen in International Medical School (US IMG),Traditional (2 years preclinical & 2 years clinical),IM,"UWorld, step up to usmle step 2 ck"
8/29/2018 11:52:54,6/1/18,5,243,6/1/18,240,#N/A,#N/A,#N/A,65,#N/A,#N/A,"IM, Surgery, Pediatrics, OBGYN, Psychiatry, Neurology, EM, Family Medicine",,,,,,,,,,US Allopathic School (US MD),Traditional (2 years preclinical & 2 years clinical),Psychiatry,"UWorld, First Aid"
8/29/2018 12:01:04,5/21/18,2,261,6/29/18,255,245,#N/A,#N/A,75,241,252,"IM, Surgery, Pediatrics, OBGYN, Psychiatry, Neurology, EM, Family Medicine, Gas",79,90,94,88,96,98,,78,,US Allopathic School (US MD),Traditional (2 years preclinical & 2 years clinical),EM,"UWorld, OME"
8/29/2018 12:01:24,3/15/18,2,257,6/28/18,260,#N/A,#N/A,#N/A,74,240,254,"IM, Surgery, Pediatrics, OBGYN, Psychiatry, Neurology, Family Medicine",81,83,84,86,88,,,,,US Allopathic School (US MD),Traditional (2 years preclinical & 2 years clinical),Surgery-Ortho,"UWorld, OME, Step 2 Secrets"
8/29/2018 12:14:58,,4,263,,270,#N/A,260,252,#N/A,274,263,"IM, Surgery, Pediatrics, OBGYN, Psychiatry, Neurology, Family Medicine",,,,,,,,,,US Allopathic School (US MD),Traditional (2 years preclinical & 2 years clinical),IM,"UWorld, First Aid, Master the Boards"
8/29/2018 12:17:15,6/10/18,3,253,7/18/18,250,238,#N/A,#N/A,75,242,250,"IM, Surgery, Pediatrics, OBGYN, Psychiatry",82,83,84,82,81,,,,,Non-US citizen in International Medical School (non-US IMG),Traditional (2 years preclinical & 2 years clinical),Family Medicine,UWorld
8/29/2018 12:19:40,4/30/18,6,218,,240,#N/A,#N/A,#N/A,60,232,240,"IM, Surgery, Pediatrics, OBGYN, Psychiatry, Neurology, Family Medicine",,,,,,,,,,US Allopathic School (US MD),Traditional (2 years preclinical & 2 years clinical),Family Medicine,"UWorld, Anki (Zanki step2)"
8/29/2018 12:23:16,5/30/18,4,257,7/9/18,244,#N/A,#N/A,#N/A,80,#N/A,#N/A,"IM, Surgery, Pediatrics, OBGYN, Psychiatry, Neurology, EM, Family Medicine",88,92,94,82,95,100,,89,,US Allopathic School (US MD),Traditional (2 years preclinical & 2 years clinical),IM,"UWorld, First Aid, Sketchy Micro, Sketchy Pharm, Case files"
8/29/2018 12:36:19,6/7/18,3,263,7/5/18,250,#N/A,#N/A,#N/A,76,251,257,"IM, Surgery, Pediatrics, OBGYN, Psychiatry, Family Medicine",,,,,,,,,,Osteopathic School (US DO),Traditional (2 years preclinical & 2 years clinical),EM,UWorld
8/29/2018 12:41:29,7/1/18,3,253,8/9/18,250,#N/A,#N/A,#N/A,66,248,250,"IM, Surgery, Pediatrics, OBGYN, Psychiatry, Family Medicine",75,79,77,75,83,,,78,,Non-US citizen in International Medical School (non-US IMG),Traditional (2 years preclinical & 2 years clinical),Family Medicine,"UWorld, First Aid, 1/3 of uworld step 3 qbank"
8/29/2018 12:55:13,,2.5,252,6/27/18,250,#N/A,#N/A,#N/A,#N/A,246,249,"IM, Surgery, Pediatrics, OBGYN, Psychiatry, Neurology, Family Medicine",79,68,85,86,89,83,,76,,US Allopathic School (US MD),Traditional (2 years preclinical & 2 years clinical),Child neurology,Anki (Zanki step2)
8/29/2018 13:01:48,7/1/18,2.5,265,7/17/18,260,256,#N/A,250,77,265,264,"IM, Surgery, Pediatrics, OBGYN, Psychiatry, Family Medicine, IM Sub-I, Critical Care ",87,83,91,84,87,,,77,,US Allopathic School (US MD),Condensed-Traditional (1.5 years preclinical),IM,UWorld
8/29/2018 13:02:01,6/28/18,3,242,7/13/18,230,#N/A,#N/A,#N/A,79,222,#N/A,"IM, Surgery, Pediatrics, OBGYN, Psychiatry, Neurology, Family Medicine",76,,88,85,,,,,,US Allopathic School (US MD),Traditional (2 years preclinical & 2 years clinical),Pediatrics,"UWorld, Rapid Review, Master The Boards"
8/29/2018 13:03:48,7/1/18,2.5,261,7/17/18,260,256,#N/A,252,80,265,265,"IM, Surgery, Pediatrics, OBGYN, Psychiatry, EM, Family Medicine",88,78,91,84,89,,89,84,,US Allopathic School (US MD),Condensed-Traditional (1.5 years preclinical),EM,UWorld
8/29/2018 13:18:58,4/1/18,5,220,7/29/18,235,#N/A,#N/A,#N/A,59,220,228,Surgery,,,,,,,,,,Osteopathic School (US DO),Traditional (2 years preclinical & 2 years clinical),IM,"UWorld, Anki (general), OME"
8/29/2018 13:30:56,6/1/18,6,225,7/17/18,235,185,188,#N/A,55,162,191,"IM, Surgery, Pediatrics, OBGYN, Psychiatry, Family Medicine",88,92,88,87,99,,,94,,Osteopathic School (US DO),Traditional (2 years preclinical & 2 years clinical),PM&R,"UWorld, First Aid, Sketchy Micro, Master the Boards"
8/29/2018 13:38:21,6/29/18,3,256,7/20/18,250,250,#N/A,209,72,245,251,"IM, Surgery, Pediatrics, OBGYN, Psychiatry, Neurology, EM, Family Medicine",85,85,84,80,88,89,,82,,US Allopathic School (US MD),Traditional (2 years preclinical & 2 years clinical),EM,"UWorld, Master the Boards Step 2CK, Online Med Ed"
8/29/2018 14:06:34,6/1/18,6,245,7/27/18,248,258,#N/A,#N/A,75,#N/A,#N/A,"IM, Surgery, Pediatrics, OBGYN, Psychiatry, Neurology, EM, Family Medicine, Derm,  urology ",,,,,,,,,,US Allopathic School (US MD),Traditional (2 years preclinical & 2 years clinical),Surgery-General,"UWorld, Master the boards book "
8/29/2018 14:14:24,,2,267,,270,#N/A,252,#N/A,#N/A,259,264,"IM, Surgery, Pediatrics, OBGYN, Psychiatry, Family Medicine",,,,,,,,,,US Allopathic School (US MD),Traditional (2 years preclinical & 2 years clinical),Surgery-Ortho,UWorld
8/29/2018 14:14:31,,2,267,,270,#N/A,252,#N/A,#N/A,259,264,"IM, Surgery, Pediatrics, OBGYN, Psychiatry, Family Medicine",,,,,,,,,,US Allopathic School (US MD),Traditional (2 years preclinical & 2 years clinical),Surgery-Ortho,UWorld
8/29/2018 14:28:00,5/1/18,0,250,7/16/18,250,#N/A,#N/A,#N/A,63,251,243,"IM, Surgery, Pediatrics, Psychiatry, EM, Family Medicine",117,97,113,111,129,,110,117,,Osteopathic School (US DO),Traditional (2 years preclinical & 2 years clinical),Anesthesiology,"UWorld, Sketchy Micro, Anki (general), Step up, DIT"
8/29/2018 14:48:28,6/10/18,3.5,235,7/10/18,230,222,228,#N/A,67,232,242,"IM, Surgery, Pediatrics, OBGYN, Psychiatry, Neurology, EM, Family Medicine",,,,,,,,,,Osteopathic School (US DO),Traditional (2 years preclinical & 2 years clinical),EM,"AMBOSS, UWorld"
8/29/2018 14:59:06,6/25/18,3,244,7/20/18,242,#N/A,#N/A,#N/A,60,236,232,IM,,,,,,,,,,Osteopathic School (US DO),Traditional (2 years preclinical & 2 years clinical),EM,"UWorld, Online MedEd"
8/29/2018 14:59:56,3/1/17,0,276,7/19/18,280,#N/A,#N/A,#N/A,88.6,276,273,"IM, Surgery, Pediatrics, OBGYN, Psychiatry, Neurology, EM, Family Medicine",,,,,,,,,,Non-US citizen in International Medical School (non-US IMG),Accelerated (Bachelors and Medical degree in ~6-7 years),IM,"UWorld, Kaplan Qbank, USMLE-Rx, First Aid, Anki (Bros), De Virgilio Surgery"
8/29/2018 15:19:53,6/25/18,2.5,253,7/12/18,240,216,#N/A,#N/A,67,254,242,"IM, Surgery, Pediatrics, OBGYN, Psychiatry, Neurology, Family Medicine",81,69,78,78,74,84,,83,,US Allopathic School (US MD),Traditional (2 years preclinical & 2 years clinical),IM,UWorld
8/29/2018 15:32:36,6/18/18,2,250,7/27/18,240,230,245,#N/A,66,248,#N/A,"IM, Surgery, Pediatrics, OBGYN, Psychiatry, Neurology, Family Medicine, Radiology",78,75,80,76,89,80,,72,,US Allopathic School (US MD),Traditional (2 years preclinical & 2 years clinical),Psychiatry,"UWorld, First Aid, Onlinemeded"
8/29/2018 15:48:47,6/18/18,4,257,7/16/18,255,226,239,262,68.2,259,269,"IM, Surgery, Pediatrics, OBGYN, Psychiatry, Neurology, Family Medicine, Derm, Anesthesia",86,84,87.2,91,87,,,,,US Allopathic School (US MD),Traditional (2 years preclinical & 2 years clinical),Family Medicine,"UWorld, Online Med Ed, NBMEs"
8/29/2018 15:57:06,6/2/18,5,255,7/2/18,240,#N/A,#N/A,#N/A,69,248,248,"IM, Surgery, Pediatrics, OBGYN, Psychiatry, Neurology, Family Medicine",75,58,67,71,95,92,,78,,US Allopathic School (US MD),Traditional (2 years preclinical & 2 years clinical),EM,"UWorld, OME, Emma Holliday audio, Divine Intervention Podcast throughout the year... Not much during dedicated itself though. "
8/29/2018 16:06:45,5/21/18,4,240,7/27/18,240,211,218,#N/A,69,213,241,"IM, Surgery, Pediatrics, OBGYN, Psychiatry, Neurology, EM, Family Medicine",,,,,,,,,,US Allopathic School (US MD),Traditional (2 years preclinical & 2 years clinical),IM,"AMBOSS, UWorld"
8/29/2018 16:20:33,5/14/18,3,266,6/1/18,260,#N/A,#N/A,#N/A,#N/A,265,262,"IM, Surgery, Pediatrics, OBGYN, Psychiatry, Neurology, Family Medicine, Radiology",75,82,90,84,96,90,,87,87,US Allopathic School (US MD),Traditional (2 years preclinical & 2 years clinical),Psychiatry,UWorld
8/29/2018 16:37:48,6/10/18,2,277,6/25/18,270,#N/A,#N/A,#N/A,90,277,267,"IM, Surgery, Pediatrics, OBGYN, Psychiatry, Family Medicine",95,92,95,89,93,,,90,,US Allopathic School (US MD),Traditional (2 years preclinical & 2 years clinical),Ophthalmology,"UWorld, Anki (Bros)"
8/29/2018 16:44:26,6/4/18,5,242,7/13/18,240,#N/A,#N/A,#N/A,69,245,#N/A,"IM, Surgery, Pediatrics, OBGYN, Psychiatry",82,73,78,74,81,,,,,Non-US citizen in International Medical School (non-US IMG),Traditional (2 years preclinical & 2 years clinical),Anesthesiology,"UWorld, Anki (general), Anki (Zanki step2), Anki (Bros)"
8/29/2018 16:57:03,6/24/18,4,268,,260,#N/A,#N/A,#N/A,85,268,#N/A,"IM, Surgery, Pediatrics, OBGYN, Psychiatry, Neurology, EM, Family Medicine, MICU Sub-I, Pulmonology, Anesthesiology ",,,,,,,,,,US Allopathic School (US MD),Condensed-Traditional (1.5 years preclinical),Anesthesiology,"UWorld, Step Up to Medicine"
8/29/2018 17:04:24,7/9/18,2.5,271,7/26/18,260,239,#N/A,#N/A,85,265,262,"IM, Surgery, Pediatrics, OBGYN, Psychiatry, Neurology, Family Medicine",91,79,91,89,91,87,,83,,US Allopathic School (US MD),Traditional (2 years preclinical & 2 years clinical),Family Medicine,"AMBOSS, UWorld"
8/29/2018 17:25:34,6/24/18,3.5,268,7/17/18,250,#N/A,#N/A,#N/A,83,273,270,"IM, Surgery, Pediatrics, OBGYN, Psychiatry, Neurology, EM, Family Medicine, Diagnostic Radiology",,,,,,,,,,US Allopathic School (US MD),Traditional (2 years preclinical & 2 years clinical),IM,"UWorld, OME"
8/29/2018 17:34:58,6/18/18,3,278,7/6/18,275,275,265,269,70,267,273,"IM, Surgery, Pediatrics, OBGYN, Psychiatry, Neurology, Family Medicine",91,93,89,93,96,94,,85,,US Allopathic School (US MD),Traditional (2 years preclinical & 2 years clinical),Radiology-Diagnostic,"UWorld, First Aid"
8/29/2018 17:42:02,7/1/17,3,264,7/13/18,260,260,#N/A,#N/A,#N/A,259,260,"IM, Surgery, Pediatrics, OBGYN, Psychiatry, Neurology, Family Medicine",83,82,91,87,96,,,83,,US Allopathic School (US MD),Traditional (2 years preclinical & 2 years clinical),Neurology,"UWorld, onlinemeded"
8/29/2018 17:54:05,6/27/18,4.5,264,7/29/18,256,#N/A,#N/A,#N/A,85,254,255,"IM, Surgery, Pediatrics, OBGYN, Psychiatry, Neurology, EM, Family Medicine",88,89,91,89,95,98,,89,,US Allopathic School (US MD),Traditional (2 years preclinical & 2 years clinical),Anesthesiology,"UWorld, Sketchy Micro, Sketchy Pharm, step up to medicine, step up to step 2 CK, OnlineMedED"
8/29/2018 17:59:08,6/21/18,3,264,8/1/18,255,#N/A,#N/A,#N/A,79,261,259,"IM, Surgery, Pediatrics, OBGYN, Psychiatry, Neurology, Family Medicine",,,,,,,,,,US Allopathic School (US MD),Traditional (2 years preclinical & 2 years clinical),Radiology-Interventional,UWorld
8/29/2018 18:27:46,5/28/18,4,229,6/28/18,236,#N/A,#N/A,#N/A,#N/A,232,#N/A,"IM, Surgery, Pediatrics, OBGYN, Psychiatry, Neurology, EM, Family Medicine, Ortho",69,71,77,82,92,,,,,US Allopathic School (US MD),Traditional (2 years preclinical & 2 years clinical),Surgery-General,"UWorld, DIT"
8/29/2018 19:46:03,7/1/18,1,257,7/23/18,265,#N/A,#N/A,#N/A,72,259,259,"IM, Surgery, Pediatrics, OBGYN, Psychiatry, Family Medicine",,,,,,,,,,Canadian Medical School,Condensed-Traditional (1.5 years preclinical),Radiology-Diagnostic,UWorld
8/29/2018 19:49:37,6/1/18,2.75,271,7/13/18,270,267,272,276,89,285,276,"IM, Surgery, Pediatrics, OBGYN, Psychiatry, Neurology, Family Medicine",92,91,97,89,89,92,,94,,US Allopathic School (US MD),Traditional (2 years preclinical & 2 years clinical),ENT,"UWorld, Kaplan Qbank, Anki (Bros), Master the Boards"
8/29/2018 19:57:34,7/6/18,2,252,8/9/18,254,247,233,252,77,262,261,"IM, Surgery, Pediatrics, OBGYN, Psychiatry, Neurology, Family Medicine",77,80,86,83,86,86,,85,,US Allopathic School (US MD),Traditional (2 years preclinical & 2 years clinical),Radiology-Diagnostic,"UWorld, Sketchy Pharm, Onlinemeded; Step 2 Secrets; Master the Boards; NBMEs; UWSA"
8/29/2018 20:04:41,6/30/18,4,245,7/27/18,250,190,220,#N/A,55,241,251,IM Sub-I,81,67,78,78,89,80,0,79,,US Allopathic School (US MD),Traditional (2 years preclinical & 2 years clinical),IM,"UWorld, First Aid, Sketchy Micro, Sketchy Pharm"
8/29/2018 20:16:35,6/18/18,2,261,7/2/18,250,#N/A,247,258,#N/A,256,254,"IM, Surgery, Pediatrics, OBGYN, Psychiatry, Family Medicine",85,87,90,84,85,,,79,,US Allopathic School (US MD),Traditional (2 years preclinical & 2 years clinical),IM,"UWorld, IM essentials (MKSAP) question book, OME videos"
8/29/2018 21:00:25,6/25/18,4,258,7/24/18,255,265,247,269,85,250,252,"IM, Surgery, Pediatrics, OBGYN, Psychiatry, Neurology, EM, Family Medicine, Anesthesiology",82,86,87,88,93,92,85,91,,US Allopathic School (US MD),Condensed-Traditional (1.5 years preclinical),Anesthesiology,UWorld
8/29/2018 22:17:40,4/1/18,4,245,4/28/18,250,237,#N/A,#N/A,73,247,249,"IM, Surgery, Pediatrics, OBGYN, Psychiatry, Neurology, EM, Family Medicine",72,61,82,77,81,87,,87,,US Allopathic School (US MD),Condensed-Traditional (1.5 years preclinical),Anesthesiology,"UWorld, First Aid, Sketchy Micro"
8/29/2018 22:36:36,7/1/18,3,234,7/20/18,245,#N/A,#N/A,250,68,255,252,"IM, Surgery, Pediatrics, OBGYN, Psychiatry, Neurology, EM, Family Medicine",73,81,80,75,76,79,83,85,,US Allopathic School (US MD),Traditional (2 years preclinical & 2 years clinical),EM,"UWorld, OME"
8/29/2018 22:37:43,7/19/18,4,245,7/19/18,255,#N/A,#N/A,#N/A,72,252,253,"IM, Surgery, Pediatrics, OBGYN, Psychiatry, Family Medicine",86,71,81,85,90,,,81,,US Allopathic School (US MD),Traditional (2 years preclinical & 2 years clinical),IM,UWorld
8/29/2018 22:43:51,7/2/18,2.5,272,7/23/18,270,#N/A,256,#N/A,78,270,265,"IM, Surgery, Pediatrics, OBGYN, Psychiatry, Neurology, Family Medicine",89,84,89,89,91,82,,92,,US Allopathic School (US MD),Traditional (2 years preclinical & 2 years clinical),ENT,UWorld
8/29/2018 22:52:44,7/7/18,3.5,235,7/31/18,245,194,#N/A,#N/A,66,203,214,"IM, Surgery, Pediatrics, OBGYN, Psychiatry, EM, Family Medicine",62,76,78,76,80,,,81,,US Allopathic School (US MD),Accelerated (Bachelors and Medical degree in ~6-7 years),Family Medicine,"UWorld, Sketchy Pharm, Kaplan videos, Master the Boards"
8/29/2018 23:37:19,6/17/18,3,247,7/3/18,245,#N/A,250,#N/A,59,179,221,"IM, Surgery, Pediatrics, OBGYN, Psychiatry, Neurology, Family Medicine",66,77,76,73,86,78,,78,,US Allopathic School (US MD),Traditional (2 years preclinical & 2 years clinical),PM&R,"UWorld, Rapid Review, Step up to Medicine"
8/30/2018 0:40:33,7/1/18,4,222,7/27/18,240,#N/A,#N/A,#N/A,#N/A,197,228,"IM, Surgery, Pediatrics, OBGYN, Psychiatry, Neurology, EM, Family Medicine",,,,,,,,,,US Allopathic School (US MD),Traditional (2 years preclinical & 2 years clinical),EM,OnlineMedEd
8/30/2018 1:32:26,6/19/18,3.5,262,7/13/18,255,230,230,256,#N/A,255,254,"IM, Surgery, Pediatrics, OBGYN, Psychiatry, Neurology, EM, Family Medicine",80,70,86,89,87,86,71,69,,US Allopathic School (US MD),Traditional (2 years preclinical & 2 years clinical),Undecided,"AMBOSS, UWorld, Emma Holliday videos"
8/30/2018 6:58:28,7/4/18,3,261,7/23/18,270,#N/A,220,258,83,273,#N/A,"IM, Surgery, Pediatrics, OBGYN, Psychiatry, Neurology, Family Medicine",87,85,92,95,98,90,,86,,US Allopathic School (US MD),Traditional (2 years preclinical & 2 years clinical),ENT,"UWorld, First Aid"
8/30/2018 14:47:48,1/3/18,4,229,7/6/18,240,#N/A,#N/A,#N/A,54,228,238,"IM, Surgery, Pediatrics, OBGYN, Psychiatry, EM, Family Medicine",,,,,,,,,,Osteopathic School (US DO),Traditional (2 years preclinical & 2 years clinical),IM,"UWorld, Anki (general)"
8/30/2018 18:25:54,5/1/18,6,262,6/12/18,250,271,250,252,78,252,248,"IM, Surgery, Pediatrics, OBGYN, Psychiatry, Neurology, EM",88,85,84,94,90,86,,88,,Non-US citizen in International Medical School (non-US IMG),Accelerated (Bachelors and Medical degree in ~6-7 years),IM,"UWorld, OBgyn- casefiles, frstaidpsych, Divirgilio surgery, Step-Up to medicine"
8/30/2018 20:10:10,6/1/18,3.5,265,7/26/18,255,250,247,258,68,260,265,"IM, Surgery, Pediatrics, OBGYN, Psychiatry, Family Medicine",87,83,92,90,91,,,70,,US Allopathic School (US MD),Traditional (2 years preclinical & 2 years clinical),Ophthalmology,"UWorld, Sketchy Micro, Sketchy Pharm, Online MedEd"
8/30/2018 22:29:27,5/1/18,6,264,7/27/18,260,250,#N/A,#N/A,70,260,261,"IM, Surgery, Pediatrics, OBGYN, Psychiatry, Neurology, EM, Family Medicine, Vascular Surgery, Radiology, Anesthesiology",84,83,,,,,70,,,US Allopathic School (US MD),Traditional (2 years preclinical & 2 years clinical),Radiology-Interventional,"UWorld, Goljan audio (step1 or 2)"
8/31/2018 22:33:02,,3.5,256,7/27/18,260,#N/A,235,239,78,260,251,"IM, Surgery, Pediatrics, OBGYN, Psychiatry, Neurology, Family Medicine",76,79,82,76,79,84,,84,,US Allopathic School (US MD),Traditional (2 years preclinical & 2 years clinical),IM,"UWorld, First Aid"
9/1/2018 11:42:59,6/25/18,4,259,7/23/18,255,#N/A,#N/A,#N/A,70,259,248,"IM, Surgery, Pediatrics, OBGYN, Psychiatry, Neurology, Family Medicine",86,85,85,77,92,82,,84,,US Allopathic School (US MD),Traditional (2 years preclinical & 2 years clinical),IM,"UWorld, First Aid, Sketchy Pharm"
9/2/2018 12:02:00,6/18/18,4,243,7/16/18,240,#N/A,#N/A,#N/A,70,#N/A,#N/A,"IM, Surgery, Pediatrics, OBGYN, Psychiatry, Neurology, Family Medicine",78,83,85,87,85,,,,,US Allopathic School (US MD),Traditional (2 years preclinical & 2 years clinical),Radiology-Diagnostic,"UWorld, Onlinemeded and master the boards"
9/2/2018 15:03:25,6/18/18,4,237,7/13/18,235,220,208,#N/A,#N/A,242,237,"IM, Surgery, Pediatrics, OBGYN, Psychiatry, Neurology, Family Medicine, Listing raw scores below, not percentiles",68,76,83,83,83,85,,73,,US Allopathic School (US MD),Traditional (2 years preclinical & 2 years clinical),Family Medicine,"UWorld, Anki (general), Blueprints (any), Online MedEd, Case Files, BRS Peds, Step Up to Medicine, NBME practice tests"
9/4/2018 5:57:38,7/10/18,4,240,8/22/18,250,256,#N/A,#N/A,66,217,236,"IM, Surgery, Pediatrics, OBGYN, Psychiatry, EM, Family Medicine",,,,,,,,,,Osteopathic School (US DO),Traditional (2 years preclinical & 2 years clinical),EM,"UWorld, OME"
9/5/2018 11:27:57,2/1/18,4,244,7/26/18,240,220,217,225,60,243,220,"IM, Pediatrics, OBGYN",,,,,,,,,,US citizen in International Medical School (US IMG),Other,Anesthesiology,"UWorld, Kaplan Qbank, Rapid Review, Sketchy Micro, Anki (Zanki step2)"
9/5/2018 11:42:45,7/29/18,3,248,,240,#N/A,#N/A,#N/A,64,238,248,"IM, Surgery, Pediatrics, OBGYN, Psychiatry, Neurology, EM, Family Medicine",,,,,,,,,,Osteopathic School (US DO),Traditional (2 years preclinical & 2 years clinical),EM,"UWorld, Rapid Review"
9/5/2018 12:22:20,7/16/18,2,251,8/13/18,250,#N/A,#N/A,#N/A,75,251,249,"IM, Surgery, Pediatrics, OBGYN, Psychiatry, Neurology, EM, Family Medicine",75,85,87,88,85,86,,,,US Allopathic School (US MD),Traditional (2 years preclinical & 2 years clinical),EM,UWorld
9/5/2018 13:04:23,7/23/18,3,272,8/13/18,265,#N/A,#N/A,#N/A,#N/A,#N/A,#N/A,"IM, Surgery, Pediatrics, OBGYN, Psychiatry, Neurology, EM, Family Medicine",92,77,88,88,96,95,,85,,US Allopathic School (US MD),Traditional (2 years preclinical & 2 years clinical),IM,"UWorld, First Aid"
9/5/2018 13:35:22,7/1/18,6,258,8/12/18,255,#N/A,#N/A,#N/A,77,254,258,"IM, Surgery, Pediatrics, OBGYN, Psychiatry, Neurology, Family Medicine, urology, anesthesiology",86,88,94,82,86,89,,82,,US Allopathic School (US MD),Traditional (2 years preclinical & 2 years clinical),Anesthesiology,"UWorld, First Aid, Sketchy Pharm"
9/5/2018 13:39:43,7/30/18,2,268,8/13/18,260,#N/A,237,262,98,#N/A,#N/A,"IM, Surgery, Pediatrics, OBGYN, Psychiatry, Neurology, EM, Family Medicine, Medicine sub-I and 3 electives",84,85,89,89,94,87,,82,,US Allopathic School (US MD),Condensed-Traditional (1.5 years preclinical),Anesthesiology,"UWorld, Anki (general)"
9/5/2018 15:24:52,6/18/18,3.5,247,7/14/18,250,#N/A,#N/A,#N/A,72,258,252,"IM, Surgery, Pediatrics, OBGYN, Psychiatry, Neurology, EM, Family Medicine",82,76,81,88,89,77,,74,,US Allopathic School (US MD),Traditional (2 years preclinical & 2 years clinical),OBGYN,UWorld
9/5/2018 18:35:03,,3.5,249,,255,#N/A,#N/A,#N/A,#N/A,245,243,"IM, Surgery, Pediatrics, OBGYN, Psychiatry, Neurology, Family Medicine",,78,75,89,88,82,,,,US Allopathic School (US MD),Condensed-Traditional (1.5 years preclinical),IM,"UWorld, Anki (Zanki step2)"
9/6/2018 5:42:24,7/28/18,3,264,8/13/18,260,#N/A,#N/A,#N/A,68,258,264,"IM, Surgery, Pediatrics, OBGYN, Psychiatry, Family Medicine",84,84,90,88,94,,,78,,US Allopathic School (US MD),Traditional (2 years preclinical & 2 years clinical),Dermatology,"UWorld, Sketchy Micro, Sketchy Pharm, Anki (general)"
9/6/2018 19:08:53,6/5/18,0,264,7/6/18,260,#N/A,#N/A,#N/A,#N/A,260,260,"IM, Surgery, Pediatrics, OBGYN, Psychiatry, Neurology, Family Medicine",,,,,,,,,,US Allopathic School (US MD),Traditional (2 years preclinical & 2 years clinical),Radiology-Diagnostic,UWorld
9/6/2018 22:37:21,,4,232,7/19/18,230,#N/A,#N/A,#N/A,59,228,240,"IM, Surgery, Pediatrics, OBGYN, Psychiatry, Neurology, Family Medicine",76,70,81,73,82,67,,79,,US Allopathic School (US MD),Traditional (2 years preclinical & 2 years clinical),Pediatrics,"UWorld, First Aid"
9/6/2018 22:41:32,5/25/18,4,253,5/22/18,250,224,#N/A,232,70,254,259,"IM, Surgery, Pediatrics, OBGYN, Psychiatry, Neurology, Family Medicine",80,80,85,85,89,80,,76,,US Allopathic School (US MD),Traditional (2 years preclinical & 2 years clinical),Radiology-Diagnostic,"UWorld, Emma Holliday, Online MedEd "
9/6/2018 23:25:02,7/1/17,4,243,7/21/18,240,#N/A,#N/A,198,56,232,226,"IM, Surgery, Pediatrics, OBGYN, Psychiatry, Neurology, EM, Family Medicine",,75,70,74,83,78,,80,,US Allopathic School (US MD),Traditional (2 years preclinical & 2 years clinical),EM,"UWorld, Master the Boards, Step 2 Secrets"
9/7/2018 4:14:31,6/20/18,4,250,7/20/18,250,#N/A,#N/A,#N/A,71,254,246,"IM, Surgery, Pediatrics, OBGYN, Psychiatry, Neurology, Family Medicine",,,,,,,,,,US Allopathic School (US MD),Traditional (2 years preclinical & 2 years clinical),Pediatrics,"UWorld, Onlinemeded "
9/7/2018 21:11:38,6/7/18,7,258,8/15/18,250,200,237,250,70,262,244,"IM, Surgery, Pediatrics, OBGYN, Psychiatry, Neurology, EM, Family Medicine",90,,,,,,,,,US Allopathic School (US MD),Traditional (2 years preclinical & 2 years clinical),Anesthesiology,UWorld
9/7/2018 21:12:33,6/7/18,7,258,8/15/18,250,200,237,250,70,262,244,"IM, Surgery, Pediatrics, OBGYN, Psychiatry, Neurology, EM, Family Medicine",90,,,,,,,,,US Allopathic School (US MD),Traditional (2 years preclinical & 2 years clinical),Anesthesiology,UWorld
9/7/2018 22:04:49,6/18/18,4,272,7/17/18,250,235,245,260,65,250,270,"IM, Surgery, Pediatrics, OBGYN, Psychiatry, Neurology, Family Medicine",83,84,90,89,87,,,,,Osteopathic School (US DO),Traditional (2 years preclinical & 2 years clinical),OBGYN,"UWorld, Master the Boards, Online Med Ed"
9/9/2018 7:50:55,,3,145,,155,#N/A,#N/A,#N/A,#N/A,#N/A,#N/A,Surgery,,,,,,,,,,US Allopathic School (US MD),Traditional (2 years preclinical & 2 years clinical),Family Medicine,UWorld
9/10/18 18:46,5/21/18,2,270,6/30/18,265,#N/A,#N/A,#N/A,77,272,267,"IM, Surgery, Pediatrics, OBGYN, Psychiatry, Neurology, EM, Family Medicine",88,89,81,93,90,,,,,US Allopathic School (US MD),Traditional (2 years preclinical & 2 years clinical),Surgery-Cardiothoracic,"UWorld, Step up to step 2ck"
9/11/18 10:33,5/15/18,2,262,7/2/18,250,#N/A,#N/A,#N/A,78,255,#N/A,"IM, Surgery, Pediatrics, OBGYN, Psychiatry, Neurology, EM, Family Medicine",88,73,89,94,90,94,,,,US Allopathic School (US MD),Traditional (2 years preclinical & 2 years clinical),OBGYN,"UWorld, Master the boards"
9/12/18 13:38,8/18/18,5.5,263,8/24/18,255,208,#N/A,#N/A,75,263,255,"IM, Surgery, Pediatrics, OBGYN, Psychiatry, Family Medicine",45,50,12,73,88,,,12,,US Allopathic School (US MD),Condensed-Traditional (1.5 years preclinical),Anesthesiology,"UWorld, Online med Ed"
9/12/18 13:47,6/1/18,4,272,7/6/18,275,271,254,#N/A,78,261,265,"IM, Surgery, Pediatrics, OBGYN, Psychiatry, Family Medicine",93,82,92,84,93,,,90,,US Allopathic School (US MD),Traditional (2 years preclinical & 2 years clinical),IM,"UWorld, Anki (general), PreTest Peds, APGO for OBGYN, AAFP for Fm, DeVirgillo for Surg"
9/12/18 14:15,7/16/18,5,263,8/24/18,270,#N/A,#N/A,273,74,272,264,"IM, Surgery, Pediatrics, OBGYN, Psychiatry, Neurology, EM, Family Medicine",88,88,83,83,89,88,,84,,US Allopathic School (US MD),Traditional (2 years preclinical & 2 years clinical),IM,"AMBOSS, UWorld, master the boards"
9/12/18 14:31,7/28/18,3,264,8/17/18,260,#N/A,#N/A,263,80,256,260,"IM, Surgery, Pediatrics, OBGYN, Psychiatry, Neurology, Family Medicine",69,86,90,83,93,93,,84,,US Allopathic School (US MD),Condensed-Traditional (1.5 years preclinical),Surgery-General,"UWorld, Step Up to CK"
9/12/18 14:56,7/30/18,4,262,8/24/18,254,#N/A,226,256,78,264,251,"IM, Surgery, Pediatrics, OBGYN, Psychiatry, Neurology, Family Medicine",84,81,86,74,89,86,,79,,US Allopathic School (US MD),Traditional (2 years preclinical & 2 years clinical),Anesthesiology,"UWorld, Anki (Zanki step2)"
9/12/18 15:08,7/1/18,1,250,8/18/18,250,#N/A,#N/A,#N/A,70,255,249,"IM, Surgery, Pediatrics, OBGYN, Psychiatry, Neurology, Family Medicine",83,78,91,87,83,88,,92,,US Allopathic School (US MD),Traditional (2 years preclinical & 2 years clinical),Psychiatry,UWorld
9/12/18 15:31,7/23/18,3,260,8/17/18,250,209,256,260,72,253,242,"IM, Surgery, Pediatrics, OBGYN, Psychiatry, Neurology, Family Medicine, sub-I",79,84,89,78,93,70,,73,,US Allopathic School (US MD),Traditional (2 years preclinical & 2 years clinical),IM,"UWorld, Sketchy Micro, Sketchy Pharm, Anki (Zanki step2)"
9/12/18 21:29,5/20/18,0,271,8/20/18,265,#N/A,241,275,80,273,265,"IM, Surgery, Pediatrics, OBGYN, Psychiatry, Neurology, EM, Family Medicine, Rad Onc, Med sub I",,,,,,,,,,US Allopathic School (US MD),Traditional (2 years preclinical & 2 years clinical),Heme/Onc,"UWorld, Online Med Ed, NBME practice exams"
9/12/18 21:46,7/27/18,3,263,8/18/18,265,#N/A,#N/A,#N/A,80,247,245,"IM, Surgery, Pediatrics, OBGYN, Psychiatry",85,79,87,80,88,,,,,US Allopathic School (US MD),Traditional (2 years preclinical & 2 years clinical),Surgery-Neuro,"UWorld, Anki (general)"
9/12/18 22:02,6/20/18,5,250,7/30/18,255,#N/A,#N/A,#N/A,72,239,247,"IM, Surgery, Pediatrics, OBGYN, Psychiatry, Neurology, Family Medicine",,,,,,,,,,US Allopathic School (US MD),Traditional (2 years preclinical & 2 years clinical),Radiology-Interventional,OnlineMedEd and notes & StepUp to IM
9/12/18 23:26,7/28/18,3,264,8/18/18,250,#N/A,#N/A,#N/A,68,258,263,"IM, Surgery, Pediatrics, OBGYN, Psychiatry, Neurology, EM, Family Medicine",80,89,82,80,87,89,90,90,,US Allopathic School (US MD),Traditional (2 years preclinical & 2 years clinical),EM,UWorld
9/12/18 23:55,7/4/18,5,231,8/17/18,240,#N/A,#N/A,#N/A,68,240,240,"IM, Surgery, Pediatrics, OBGYN, Psychiatry, Neurology, EM, Family Medicine",78,76,65,72,72,68,,78,,US Allopathic School (US MD),Condensed-Traditional (1.5 years preclinical),EM,"UWorld, Anki (general), Anki (Bros), OME"
9/13/18 1:44,6/14/18,2,249,7/23/18,250,218,228,240,70,240,248,"IM, Surgery, Pediatrics, OBGYN, Psychiatry, EM, Family Medicine",74,72,84,80,85,,,79,,US Allopathic School (US MD),Traditional (2 years preclinical & 2 years clinical),EM,"UWorld, OME"
9/13/18 7:16,,3,244,,260,#N/A,#N/A,215,65,240,250,"IM, Surgery, Pediatrics, OBGYN, Psychiatry",75,72,87,75,89,,,,,US citizen in International Medical School (US IMG),Traditional (2 years preclinical & 2 years clinical),IM,"UWorld, Anki (general)"
9/13/18 12:40,6/1/18,5,246,7/14/18,250,#N/A,#N/A,143,70,242,245,"IM, Surgery, Pediatrics, OBGYN, Psychiatry, EM, Family Medicine",,,,,,,,,,US Allopathic School (US MD),Traditional (2 years preclinical & 2 years clinical),Anesthesiology,"UWorld, Online MedEd"
9/13/18 19:44,7/2/18,3,258,8/17/18,240,#N/A,#N/A,215,78,#N/A,#N/A,"IM, Surgery, Pediatrics, OBGYN, Psychiatry, Neurology, Family Medicine, radiology elective",90,83,89,92,88,85,,92,,US Allopathic School (US MD),Traditional (2 years preclinical & 2 years clinical),Radiology-Diagnostic,"UWorld, online med ed"
9/15/18 13:41,6/1/18,3,229,,240,183,#N/A,222,67,247,233,"IM, Surgery, Pediatrics, OBGYN, Psychiatry, Family Medicine",,,,,,,,,,US citizen in International Medical School (US IMG),Traditional (2 years preclinical & 2 years clinical),IM,UWorld
9/15/18 13:58,2/2/18,2,228,8/14/18,250,200,#N/A,#N/A,74,238,248,"IM, Surgery, Pediatrics, OBGYN, Psychiatry",,,,,,,,,,Non-US citizen in International Medical School (non-US IMG),Accelerated (Bachelors and Medical degree in ~6-7 years),Neurology,"UWorld, Anki (Zanki step2)"
9/15/18 14:36,5/10/18,5,245,6/18/18,250,#N/A,#N/A,231,74,230,252,"IM, Surgery, Pediatrics, OBGYN, Psychiatry, Family Medicine",90,75,90,85,100,,,90,,Osteopathic School (US DO),Traditional (2 years preclinical & 2 years clinical),IM,"UWorld, Sketchy Micro, Sketchy Pharm, Sketchy Path, Anki (general), Anki (Zanki step2)"
9/15/18 18:14,5/1/18,4,231,8/3/18,250,249,238,247,88,245,#N/A,"IM, Surgery, Pediatrics, OBGYN, Psychiatry, Family Medicine",,,,,,,,,,US citizen in International Medical School (US IMG),Traditional (2 years preclinical & 2 years clinical),Neurology,"UWorld, Anki (Bros), OME"
9/15/18 23:15,7/27/18,2,242,8/13/18,250,#N/A,215,#N/A,#N/A,#N/A,248,Surgery,78,,,,,,,,,Non-US citizen in International Medical School (non-US IMG),Traditional (2 years preclinical & 2 years clinical),IM,UWorld
9/15/18 23:21,4/1/18,12,237,8/15/18,245,241,221,,60,246,245,,,,,,,,,,,US citizen in International Medical School (US IMG),Traditional (2 years preclinical & 2 years clinical),IM,UWorld
9/17/18 11:40,5/27/18,2,270,8/18/18,265,#N/A,#N/A,#N/A,#N/A,269,272,"IM, Surgery, Pediatrics, OBGYN, Psychiatry, Family Medicine",94,80,87,76,90,,,92,,US Allopathic School (US MD),Traditional (2 years preclinical & 2 years clinical),IM,UWorld
9/18/18 14:39,6/15/18,4,259,7/9/18,270,256,243,277,73,251,258,"IM, Surgery, Pediatrics, OBGYN, Psychiatry, EM, Family Medicine",,,,,,,,,,Osteopathic School (US DO),Traditional (2 years preclinical & 2 years clinical),EM,"UWorld, Anki (general), Online MedEd"
9/19/18 14:02,8/4/18,3.5,264,8/29/18,260,#N/A,#N/A,#N/A,79,252,260,"IM, Surgery, Pediatrics, OBGYN, Psychiatry, Neurology, Family Medicine",91,82,86,91,84,87,,82,,US Allopathic School (US MD),Condensed-Traditional (1.5 years preclinical),Surgery-Ortho,"UWorld, Step Up to Medicine"
9/19/18 14:24,8/6/18,3,261,8/28/18,250,243,233,233,77,259,262,"IM, Surgery, Pediatrics, OBGYN, Psychiatry, Neurology, EM, Family Medicine",89,79,88,88,95,80,68,82,,US Allopathic School (US MD),Condensed-Traditional (1.5 years preclinical),IM,"UWorld, Sketchy Micro, Sketchy Pharm"
9/19/18 15:45,5/14/18,6,267,6/28/18,258,#N/A,#N/A,256,76,252,258,"IM, Surgery, Pediatrics, OBGYN, Psychiatry, Neurology, Family Medicine, ICU",85,78,93,91,91,96,88,92,,US Allopathic School (US MD),Condensed-Traditional (1.5 years preclinical),IM,"UWorld, First Aid, Step up Med and secrets step 2"
9/19/18 16:01,8/6/18,6,256,8/27/18,250,#N/A,#N/A,230,75,238,252,"IM, Surgery, Pediatrics, OBGYN, Psychiatry, Neurology, EM, Family Medicine",77,75,79,82,90,76,77,78,,US Allopathic School (US MD),Traditional (2 years preclinical & 2 years clinical),Psychiatry,"UWorld, USMLE-Rx, First Aid"
9/19/18 16:51,3/1/18,8,245,8/26/18,250,#N/A,#N/A,#N/A,70,251,#N/A,"IM, Surgery, Pediatrics, OBGYN, Psychiatry, Family Medicine",74,61,86,85,86,,,67,,US Allopathic School (US MD),Traditional (2 years preclinical & 2 years clinical),Psychiatry,"UWorld, USMLE-Rx, Sketchy Micro, Kaplan review notes"
9/19/18 17:57,,3.5,259,,255,#N/A,#N/A,#N/A,83,255,#N/A,"IM, Surgery, Pediatrics, OBGYN, Psychiatry, Neurology, EM, Family Medicine",72,73,94,,92,90,,,,US Allopathic School (US MD),Traditional (2 years preclinical & 2 years clinical),Anesthesiology,"UWorld, Online med ed"
9/19/18 19:28,7/25/18,3,245,8/18/18,252,211,#N/A,#N/A,65,257,253,"IM, Surgery, Pediatrics, OBGYN, Psychiatry, Family Medicine",78,75,83,76,84,,,79,,US Allopathic School (US MD),Traditional (2 years preclinical & 2 years clinical),IM,"UWorld, Ome"
9/19/18 23:06,5/21/18,4,245,6/27/18,250,#N/A,#N/A,#N/A,70,251,245,"IM, Surgery, Pediatrics, OBGYN, Psychiatry, Neurology, Family Medicine",78,77,76,76,83,,,74,,Osteopathic School (US DO),Traditional (2 years preclinical & 2 years clinical),IM,"AMBOSS, UWorld"
9/20/18 0:57,5/20/18,3.5,249,6/15/18,255,#N/A,#N/A,#N/A,69,241,253,"IM, Surgery, Pediatrics, OBGYN, Psychiatry, EM, Family Medicine",,,,,,,,,,Osteopathic School (US DO),Traditional (2 years preclinical & 2 years clinical),EM,"UWorld, Anki (general)"
9/20/18 3:57,5/1/18,3,273,5/28/18,270,#N/A,#N/A,268,#N/A,269,266,"IM, Surgery, Pediatrics, OBGYN, Psychiatry, EM, Family Medicine",92,89,89,85,82,,,85,,US Allopathic School (US MD),Traditional (2 years preclinical & 2 years clinical),IM,"UWorld, Anki (general), OME"
9/20/18 6:11,8/6/18,3,255,8/24/18,250,#N/A,#N/A,#N/A,65,249,#N/A,"IM, Surgery, Pediatrics, OBGYN, Psychiatry, Neurology, Family Medicine",,,,,,,,,,US Allopathic School (US MD),Traditional (2 years preclinical & 2 years clinical),Ophthalmology,UWorld
9/20/18 8:49,8/1/18,4,236,8/28/18,240,#N/A,#N/A,#N/A,60,246,243,"IM, Surgery, Pediatrics, OBGYN, Psychiatry, Neurology, Family Medicine",68,78,,72,88,74,,,,US Allopathic School (US MD),Traditional (2 years preclinical & 2 years clinical),Psychiatry,"UWorld, Master the boards"
9/20/18 11:41,5/4/18,6,237,5/23/18,240,202,224,245,65,237,244,"IM, Surgery, Pediatrics, OBGYN, Psychiatry, Family Medicine",111,109,107,108,117,,,99,,Osteopathic School (US DO),Traditional (2 years preclinical & 2 years clinical),EM,"UWorld, Sketchy Micro, Sketchy Pharm, Sketchy Path, Anki (general)"
9/20/18 12:34,4/1/18,2,275,5/11/18,270,#N/A,248,258,79,272,260,"IM, Surgery, Pediatrics, OBGYN, Psychiatry, Neurology, EM, Family Medicine",84,84,89,93,91,87,,88,,US Allopathic School (US MD),Traditional (2 years preclinical & 2 years clinical),IM,"UWorld, Anki (general)"
9/20/18 12:47,4/15/18,4,248,6/20/18,242,#N/A,#N/A,#N/A,66,252,242,"IM, Surgery, Pediatrics, OBGYN, Psychiatry, Family Medicine",,,,,,,,,,Osteopathic School (US DO),Traditional (2 years preclinical & 2 years clinical),Anesthesiology,UWorld
9/20/18 16:53,5/7/18,0,255,6/25/18,260,#N/A,#N/A,245,71,260,249,"IM, Surgery, Pediatrics, OBGYN, Psychiatry, EM, Family Medicine",,,,,,,,,,Osteopathic School (US DO),Traditional (2 years preclinical & 2 years clinical),IM,"UWorld, Anki (general)"
9/20/18 17:12,6/18/18,4,260,7/12/18,250,#N/A,#N/A,#N/A,#N/A,263,261,"IM, Surgery, Pediatrics, OBGYN, Psychiatry, Neurology, EM, Family Medicine",75,81,72,83,68,71,,31,,US Allopathic School (US MD),Traditional (2 years preclinical & 2 years clinical),IM,"UWorld, Master the Boards partly"
9/20/18 17:49,4/27/18,2,261,5/12/18,260,#N/A,226,252,71,#N/A,#N/A,"IM, Surgery, Pediatrics, OBGYN, Psychiatry, Neurology, Family Medicine",78,81,85,65,88,81,81,84,,US Allopathic School (US MD),Condensed-Traditional (1.5 years preclinical),IM,"UWorld, Sketchy Micro"
9/20/18 19:35,7/27/18,4,230,8/26/18,225,192,194,224,56,209,#N/A,"IM, Surgery, Pediatrics, OBGYN, Psychiatry, Neurology, Family Medicine",74,56,77,84,78,,,89,,US Allopathic School (US MD),Traditional (2 years preclinical & 2 years clinical),IM,"UWorld, pretest"
9/20/18 23:19,5/9/18,3,260,6/11/18,250,#N/A,#N/A,#N/A,73,251,#N/A,"IM, Surgery, Pediatrics, OBGYN, Psychiatry, Neurology, EM, Family Medicine, Neurosurgery, ENT, Anesthesiology (clerkship and sub-I), Peds sub-I,",78,75,76,85,89,80,,83,,US Allopathic School (US MD),Condensed-Traditional (1.5 years preclinical),Anesthesiology,UWorld
9/21/18 3:08,6/16/18,5,245,8/22/18,250,#N/A,#N/A,#N/A,62,240,228,"IM, Surgery, Pediatrics, OBGYN, Psychiatry, EM, Family Medicine",84,83,88,92,91,,86,87,,Osteopathic School (US DO),Traditional (2 years preclinical & 2 years clinical),EM,UWorld
9/21/18 5:10,5/1/18,0,263,6/9/18,250,#N/A,#N/A,#N/A,69,252,254,"IM, Surgery, Pediatrics, OBGYN, Psychiatry, EM, Family Medicine",73,81,85,85,87,,,87,,US Allopathic School (US MD),Traditional (2 years preclinical & 2 years clinical),OBGYN,"UWorld, OME, Emma Holliday"
9/21/18 9:54,6/17/18,3,264,7/20/18,250,#N/A,#N/A,267,78,251,251,"IM, Surgery, Pediatrics, OBGYN, Psychiatry, Neurology, EM, Family Medicine",83,80,91,49,93,84,,86,,US Allopathic School (US MD),Traditional (2 years preclinical & 2 years clinical),IM,"UWorld, Sketchy Pharm, Secrets; Emma Holliday Videos/Powerpoints;"
9/21/18 10:10,5/6/18,6,245,7/26/18,250,#N/A,#N/A,#N/A,#N/A,#N/A,#N/A,"IM, Surgery, Pediatrics, OBGYN, Psychiatry, Family Medicine",,,,,,,,,,Osteopathic School (US DO),Traditional (2 years preclinical & 2 years clinical),Urology,UWorld
9/21/18 10:18,6/7/18,2,265,6/25/18,260,#N/A,#N/A,#N/A,#N/A,#N/A,#N/A,"IM, Surgery, Pediatrics, OBGYN, Psychiatry, Neurology, Family Medicine",,,,,,,,,,US Allopathic School (US MD),Traditional (2 years preclinical & 2 years clinical),Surgery-Plastic,"UWorld, First Aid, Goljan audio (step1 or 2)"
9/21/18 11:26,6/25/18,7,180,8/28/18,210,#N/A,120,#N/A,45,#N/A,#N/A,"IM, Pediatrics, Psychiatry, Family Medicine",59,,63,,71,,,65,,US Allopathic School (US MD),Traditional (2 years preclinical & 2 years clinical),Get me out of medicine,"UWorld, First Aid, Blueprints (any)"
9/21/18 22:08,,3,256,,260,#N/A,#N/A,#N/A,#N/A,259,256,"IM, Surgery, Pediatrics, OBGYN, Psychiatry, Neurology, Family Medicine",86,80,88,94,97,88,,91,,US Allopathic School (US MD),Traditional (2 years preclinical & 2 years clinical),IM,"UWorld, Master the Boards"
9/26/18 12:14,8/6/18,4,251,9/7/18,251,#N/A,#N/A,#N/A,65,250,#N/A,"IM, Surgery, Pediatrics, OBGYN, Psychiatry, Neurology, Family Medicine",,,,,,,,,,US Allopathic School (US MD),Traditional (2 years preclinical & 2 years clinical),Neurology,"UWorld, First Aid, step 2 secrets, step up to medicine, onlinemeded"
9/26/18 12:27,6/23/18,2,260,7/6/18,260,#N/A,#N/A,#N/A,60,265,260,"IM, Surgery, Pediatrics, OBGYN, Psychiatry, Neurology, Family Medicine",92,85,79,88,90,86,,85,,US Allopathic School (US MD),Traditional (2 years preclinical & 2 years clinical),Ophthalmology,"UWorld, Anki (general), Anki (Bros)"
9/26/18 12:54,7/1/18,2,230,9/4/18,244,#N/A,207,239,64,214,244,"IM, Surgery, Pediatrics, OBGYN, Psychiatry, Family Medicine",65,75,69,83,77,,,75,,US citizen in International Medical School (US IMG),Traditional (2 years preclinical & 2 years clinical),Family Medicine,"UWorld, Kaplan Qbank, First Aid, Sketchy Micro, Anki (Dope)"
9/26/18 12:58,7/2/18,8,272,9/5/18,270,262,258,254,81,272,267,,,,,,,,,,,Non-US citizen in International Medical School (non-US IMG),Other,IM,"UWorld, Anki (general), Anki (Bros), MTB 2&3"
9/26/18 13:14,7/23/18,5,239,9/5/18,230,#N/A,#N/A,238,65,#N/A,238,"IM, Surgery, Pediatrics, OBGYN, Psychiatry, Neurology, EM, Family Medicine",70,80,72,75,73,95,,77,,US Allopathic School (US MD),Traditional (2 years preclinical & 2 years clinical),Family Medicine,"UWorld, onlinemeded"
9/26/18 13:37,7/1/18,4,270,9/4/18,270,273,265,267,#N/A,272,270,"IM, Surgery, Pediatrics, OBGYN, Psychiatry, Neurology, Family Medicine",87,81,93,93,88,,,,,US Allopathic School (US MD),Traditional (2 years preclinical & 2 years clinical),IM,"UWorld, Kaplan Qbank, USMLE-Rx"
9/26/18 19:08,8/20/18,2,247,9/5/18,240,#N/A,213,#N/A,70,254,248,"IM, Surgery, Pediatrics, OBGYN, Psychiatry, EM, Family Medicine",86,78,68,78,81,,,76,,US Allopathic School (US MD),Traditional (2 years preclinical & 2 years clinical),EM,UWorld
9/26/18 21:36,6/22/18,3,266,7/14/18,260,#N/A,#N/A,268,85,#N/A,252,"IM, Surgery, Pediatrics, OBGYN, Psychiatry, Neurology, Family Medicine",83,82,87,84,94,88,,80,,US Allopathic School (US MD),Traditional (2 years preclinical & 2 years clinical),Pediatrics,UWorld
9/27/18 10:58,6/4/18,3.5,262,6/27/18,250,#N/A,#N/A,#N/A,70,262,254,"IM, Surgery, Pediatrics, OBGYN, Psychiatry, Neurology, EM, Family Medicine",87,80,90,78,83,83,,79,,US Allopathic School (US MD),Traditional (2 years preclinical & 2 years clinical),Pediatrics,"UWorld, First Aid"
9/27/18 21:53,6/1/17,3,257,7/24/18,255,#N/A,#N/A,#N/A,80,#N/A,#N/A,"IM, Surgery, Pediatrics, OBGYN, Psychiatry, Neurology, Family Medicine",92,80,87,77,96,79,,,,US Allopathic School (US MD),Traditional (2 years preclinical & 2 years clinical),Anesthesiology,"UWorld, Anki (Zanki step2)"
9/27/18 22:23,6/4/18,5,261,7/6/18,245,#N/A,#N/A,#N/A,80,#N/A,#N/A,"IM, Surgery, Pediatrics, OBGYN, Psychiatry, Neurology, Family Medicine",87,94,93,99,91,88,,90,,US Allopathic School (US MD),Traditional (2 years preclinical & 2 years clinical),Surgery-General,"UWorld, OME"
10/4/18 22:46,8/13/18,4,255,9/14/18,245,#N/A,#N/A,#N/A,#N/A,244,249,"IM, Surgery, Pediatrics, OBGYN, Psychiatry, Neurology, EM, Family Medicine, Orthopedics, Neurosurgery",88,93,87,94,82,,,,,US Allopathic School (US MD),Traditional (2 years preclinical & 2 years clinical),OBGYN,"UWorld, First Aid, Step up to CK"
10/6/18 10:10,6/21/18,10,245,9/11/18,250,252,229,217,68,254,234,"IM, Surgery, Pediatrics",,,,,,,,,,Osteopathic School (US DO),Traditional (2 years preclinical & 2 years clinical),Radiology-Diagnostic,UWorld
10/10/18 5:07,10/2/18,8,245,9/15/18,240,#N/A,#N/A,#N/A,67,#N/A,#N/A,IM,,,,,,,,,,Non-US citizen in International Medical School (non-US IMG),Traditional (2 years preclinical & 2 years clinical),IM,"AMBOSS, UWorld"
10/10/18 12:19,7/1/18,4,249,7/27/18,250,#N/A,#N/A,#N/A,60,242,247,"IM, Surgery, Pediatrics, OBGYN, Psychiatry, Neurology, Family Medicine, Cardiology elective",72,80,80,69,78,82,,75,,US Allopathic School (US MD),Traditional (2 years preclinical & 2 years clinical),Surgery-General,"UWorld, First Aid"
10/10/18 15:23,12/28/18,16,225,4/28/18,240,#N/A,#N/A,#N/A,#N/A,#N/A,#N/A,"IM, Surgery, Pediatrics, OBGYN, Psychiatry, Family Medicine",,,,,,,,,,US Allopathic School (US MD),Traditional (2 years preclinical & 2 years clinical),Surgery-General,"UWorld, USMLE-Rx, First Aid"
10/10/18 21:18,6/20/18,6,220,9/5/18,230,#N/A,#N/A,#N/A,64.6,218,212,"IM, Surgery, Pediatrics, OBGYN, Psychiatry, Neurology, Family Medicine",,,,,,,,,,US Allopathic School (US MD),Traditional (2 years preclinical & 2 years clinical),Pediatrics,"UWorld, Anki (Zanki step2), Online Med Ed"
10/10/18 22:54,5/1/18,3,249,5/17/18,250,#N/A,#N/A,#N/A,66,256,243,"IM, Surgery, Pediatrics, OBGYN, Psychiatry, Neurology, Family Medicine",,78,78,78,78,,,,,US Allopathic School (US MD),Condensed-Traditional (1.5 years preclinical),Heme/Onc,UWorld
10/11/18 8:37,5/7/18,6,238,6/6/18,240,#N/A,#N/A,#N/A,#N/A,#N/A,#N/A,,57,71,74,81,84,,,81,,US Allopathic School (US MD),Traditional (2 years preclinical & 2 years clinical),OBGYN,"UWorld, Blueprints (any)"
10/11/18 9:16,5/28/18,6,252,7/3/18,250,#N/A,#N/A,#N/A,78,242,252,"IM, Surgery, Pediatrics, OBGYN, Psychiatry, EM, Family Medicine",78,71,80,82,81,,,,,US Allopathic School (US MD),Traditional (2 years preclinical & 2 years clinical),Pediatrics,"UWorld, Master the Boards"
10/12/18 0:09,3/20/18,4,274,5/5/18,260,252,252,269,70,270,256,"IM, Surgery, Pediatrics, OBGYN, Psychiatry, Family Medicine",90,75,86,94,90,,,90,,US Allopathic School (US MD),Traditional (2 years preclinical & 2 years clinical),Dermatology,"UWorld, First Aid, Anki (general)"
10/12/18 7:45,8/27/18,2,268,9/20/18,270,#N/A,#N/A,#N/A,#N/A,255,270,"IM, Surgery, Pediatrics, OBGYN, Psychiatry, Neurology, EM, Family Medicine, Dermatology",92,87,91,87,93,88,,87,,US Allopathic School (US MD),Traditional (2 years preclinical & 2 years clinical),Dermatology,UWorld
10/13/18 1:59,5/25/18,4,249,6/27/18,250,#N/A,#N/A,#N/A,#N/A,259,#N/A,"IM, Surgery, Pediatrics, OBGYN, Psychiatry, Family Medicine",,,,,,,,,,US Allopathic School (US MD),Traditional (2 years preclinical & 2 years clinical),Pediatrics,"UWorld, First Aid"
10/17/18 11:19,7/1/18,3.5,262,7/25/18,270,258,220,#N/A,84,273,#N/A,"IM, Surgery, Pediatrics, OBGYN, Psychiatry, Neurology, Family Medicine",91,83,92,98,90,90,,89,,US Allopathic School (US MD),Traditional (2 years preclinical & 2 years clinical),ENT,"UWorld, First Aid"
10/17/18 14:43,8/19/18,3,223,9/24/18,230,#N/A,#N/A,#N/A,52,212,#N/A,"IM, Surgery, Pediatrics, OBGYN, Psychiatry, Family Medicine",63,68,68,72,75,,,75,,US Allopathic School (US MD),Traditional (2 years preclinical & 2 years clinical),Psychiatry,"UWorld, Sketchy Micro, Sketchy Pharm, Anki (Zanki step2)"
10/17/18 18:12,8/5/18,5,223,9/5/18,230,190,194,245,#N/A,213,215,Psychiatry,,,,,,,,,,US Allopathic School (US MD),Traditional (2 years preclinical & 2 years clinical),Anesthesiology,UWorld
10/17/18 19:33,5/30/18,3,267,6/18/18,260,#N/A,#N/A,#N/A,#N/A,#N/A,#N/A,"IM, Surgery, Pediatrics, OBGYN, Psychiatry, Neurology, EM, Family Medicine",90,80,79,75,89,84,,69,,US Allopathic School (US MD),Traditional (2 years preclinical & 2 years clinical),PM&R,UWorld
10/17/18 20:33,8/29/18,5,252,9/28/18,245,#N/A,#N/A,#N/A,#N/A,#N/A,#N/A,"IM, Surgery, Pediatrics, OBGYN, Psychiatry, Neurology, Family Medicine",80,72,79,86,88,81,,84,,US Allopathic School (US MD),Condensed-Traditional (1.5 years preclinical),Psychiatry,"UWorld, Anki (Zanki step2)"
10/17/18 23:12,6/1/18,12,261,9/27/18,265,252,#N/A,265,79,265,268,"IM, Surgery, Pediatrics, OBGYN, Psychiatry, Neurology, EM, Family Medicine",,,,,,,,,,Non-US citizen in International Medical School (non-US IMG),Traditional (2 years preclinical & 2 years clinical),IM,"UWorld, Anki (Bros), MTB step 2ck"
10/18/18 1:52,6/20/18,3,237,7/15/18,240,#N/A,#N/A,#N/A,75,254,238,"IM, Surgery, Pediatrics, OBGYN, Psychiatry, Family Medicine",,,,,,,,,,Osteopathic School (US DO),Traditional (2 years preclinical & 2 years clinical),IM,"AMBOSS, UWorld"
10/18/18 3:01,7/17/18,3,259,8/17/18,255,250,255,255,75,260,259,"IM, Surgery, Pediatrics, OBGYN, Psychiatry, Neurology, Family Medicine",91,82,84,79,87,88,,81,,US Allopathic School (US MD),Traditional (2 years preclinical & 2 years clinical),IM,"UWorld, Anki (Zanki step2)"
10/18/18 12:38,9/1/18,3,253,9/26/18,250,#N/A,#N/A,#N/A,#N/A,254,256,"IM, Surgery, Pediatrics, OBGYN, Psychiatry, Neurology, Family Medicine",77,75,83,83,93,93,,88,,US Allopathic School (US MD),Traditional (2 years preclinical & 2 years clinical),Neurology,UWorld
10/18/18 18:07,6/26/18,4,254,7/26/18,250,#N/A,#N/A,#N/A,69,244,236,"IM, Surgery, Pediatrics, OBGYN, Psychiatry, Neurology, Family Medicine",78,74,82,86,89,92,,80,,US Allopathic School (US MD),Traditional (2 years preclinical & 2 years clinical),Pediatrics,UWorld
10/18/18 21:23,8/27/18,4,261,9/21/18,260,#N/A,#N/A,#N/A,#N/A,267,263,"IM, Surgery, Pediatrics, OBGYN, Psychiatry, Neurology, EM, Family Medicine",83,85,83,78,89,90,89,86,,US Allopathic School (US MD),Traditional (2 years preclinical & 2 years clinical),EM,UWorld
10/24/18 9:40,,3,252,,260,256,260,264,70,250,248,"IM, Surgery, Pediatrics, OBGYN, Psychiatry, Neurology, Family Medicine",90,86,70,70,80,86,,87,,US Allopathic School (US MD),Traditional (2 years preclinical & 2 years clinical),Surgery-Ortho,"AMBOSS, UWorld, Kaplan Qbank, OME"
10/31/18 9:25,6/5/18,4,254,8/2/18,260,#N/A,#N/A,#N/A,70,255,253,"IM, Surgery, Pediatrics, OBGYN, Psychiatry, Neurology, EM, Family Medicine",,,,,,,,,,US Allopathic School (US MD),Traditional (2 years preclinical & 2 years clinical),Anesthesiology,"UWorld, Anki (Bros)"
11/2/18 7:31,5/1/18,3,264,5/28/18,260,256,268,270,86,#N/A,#N/A,"IM, Surgery, Pediatrics, OBGYN, Psychiatry, Neurology, Family Medicine",85,80,83,90,88,94,,86,,US Allopathic School (US MD),Traditional (2 years preclinical & 2 years clinical),IM,"UWorld, Sketchy Pharm, Notes taken throughout third year"
11/2/18 13:40,6/15/18,5,241,7/20/18,240,#N/A,#N/A,#N/A,#N/A,#N/A,#N/A,"IM, Surgery, Pediatrics, OBGYN, Psychiatry, Family Medicine",,,,,,,,,,US Allopathic School (US MD),Traditional (2 years preclinical & 2 years clinical),Pediatrics,"UWorld, First Aid"
11/2/18 15:59,6/1/18,4,243,8/9/18,250,#N/A,#N/A,#N/A,#N/A,252,245,"IM, Surgery, Pediatrics, OBGYN, Psychiatry, Neurology, Family Medicine",,,,,,,,,,US Allopathic School (US MD),Condensed-Traditional (1.5 years preclinical),IM,UWorld
11/3/18 13:57,4/25/18,0,259,6/20/18,260,#N/A,#N/A,#N/A,70,250,255,"IM, Surgery, Pediatrics, OBGYN, Psychiatry, EM, Family Medicine",,,,,,,,,,Osteopathic School (US DO),Traditional (2 years preclinical & 2 years clinical),ENT,"AMBOSS, UWorld, Kaplan Qbank, First Aid, OnlineMedED"
11/5/18 19:36,4/3/18,0,271,9/14/18,260,273,#N/A,277,78,269,262,"IM, Surgery, Pediatrics, OBGYN, Psychiatry, Neurology, EM",,,,,,,,,,Non-US citizen in International Medical School (non-US IMG),Accelerated (Bachelors and Medical degree in ~6-7 years),EM,"UWorld, Onlinemeded"
11/7/18 10:27,9/28/18,3,253,10/19/18,250,#N/A,#N/A,#N/A,77,244,#N/A,"IM, Surgery, Pediatrics, OBGYN, Psychiatry, Neurology, EM, Family Medicine",88,85,83,80,86,78,,91,,US Allopathic School (US MD),Traditional (2 years preclinical & 2 years clinical),ENT,"UWorld, First Aid, Online Med Ed"
11/7/18 11:53,9/29/18,2,264,10/19/18,263,#N/A,#N/A,#N/A,#N/A,272,263,"IM, Surgery, Pediatrics, OBGYN, Psychiatry, Neurology, Family Medicine",,,,,,,,,,US Allopathic School (US MD),Traditional (2 years preclinical & 2 years clinical),IM,UWorld
11/7/18 12:08,10/6/18,1,262,10/16/18,250,256,239,241,75,262,264,"IM, Surgery, Pediatrics, OBGYN, Psychiatry, Neurology",,,,,,,,,,US Allopathic School (US MD),Condensed (1 year preclinical & 3 clinical),Rad Onc,"UWorld, nbme"
11/7/18 14:17,9/5/18,3,243,10/14/18,265,#N/A,#N/A,#N/A,#N/A,263,258,"IM, Surgery, Pediatrics, OBGYN, Psychiatry, Neurology, Family Medicine",79,78,88,85,86,89,,82,,US Allopathic School (US MD),Traditional (2 years preclinical & 2 years clinical),Ophthalmology,UWorld
11/7/18 17:18,9/27/18,2.5,225,10/25/18,230,#N/A,#N/A,#N/A,60,203,222,"IM, Surgery, Pediatrics, OBGYN, Psychiatry, Neurology, Family Medicine",65,81,62,63,80,82,,75,,US Allopathic School (US MD),Traditional (2 years preclinical & 2 years clinical),PM&R,UWorld
11/7/18 17:33,10/1/18,2.5,270,10/16/18,260,#N/A,#N/A,#N/A,80,259,261,"IM, Surgery, Pediatrics, OBGYN, Psychiatry, Family Medicine, Dermatology",86,86,86,90,91,,,84,,US Allopathic School (US MD),Traditional (2 years preclinical & 2 years clinical),Dermatology,"UWorld, Anki (general), Anki (Zanki step2)"
11/7/18 19:27,5/1/18,2,243,8/10/18,240,236,249,#N/A,#N/A,241,#N/A,Psychiatry,74,66,76,73,89,79,,82,,US Allopathic School (US MD),Traditional (2 years preclinical & 2 years clinical),Pediatrics,"UWorld, Anki (Zanki step2)"
11/7/18 21:28,,4,248,6/26/18,242,#N/A,#N/A,#N/A,66,252,242,"IM, Surgery, Pediatrics, OBGYN, Psychiatry, Family Medicine, Geriatrics",108,101,95,105,111,,,122,,Osteopathic School (US DO),Traditional (2 years preclinical & 2 years clinical),Anesthesiology,UWorld
11/7/18 21:47,9/27/18,3,266,10/18/18,270,#N/A,#N/A,273,89,273,271,"IM, Surgery, Pediatrics, OBGYN, Psychiatry, Family Medicine",90,91,90,93,89,,,,,US Allopathic School (US MD),Traditional (2 years preclinical & 2 years clinical),ENT,"UWorld, Anki (general), Anki (Zanki step2)"
11/8/18 11:14,9/24/18,4,231,10/18/18,240,#N/A,#N/A,#N/A,#N/A,224,243,"IM, Surgery, Pediatrics, OBGYN, Psychiatry, Family Medicine",65,72,72,69,76,,,74,,US Allopathic School (US MD),Traditional (2 years preclinical & 2 years clinical),Surgery-General,"UWorld, First Aid, Goljan audio (step1 or 2), Sketchy Micro, Sketchy Pharm, Anki (Zanki step2)"
11/16/18 7:35,9/27/18,4,254,10/23/18,250,#N/A,230,239,83,242,251,"IM, Surgery, Pediatrics, OBGYN, Psychiatry, Neurology, EM, Family Medicine",84,80,86,81,86,,,,,US Allopathic School (US MD),Traditional (2 years preclinical & 2 years clinical),Surgery-General,"AMBOSS, UWorld"
11/22/18 19:26,6/1/18,10,254,10/30/18,260,225,215,243,77,247,262,"IM, Surgery, Pediatrics, OBGYN, Psychiatry, Neurology, EM, Family Medicine",,,,,,,,,,Non-US citizen in International Medical School (non-US IMG),Accelerated (Bachelors and Medical degree in ~6-7 years),IM,"UWorld, Anki (Zanki step2), OnlineMedEd"
11/28/18 17:16,9/10/18,4,275,10/17/18,270,#N/A,#N/A,#N/A,87,271,271,"IM, Surgery, Pediatrics, OBGYN, Psychiatry, Neurology, EM, Family Medicine",,,,,,,,,,US Allopathic School (US MD),Condensed-Traditional (1.5 years preclinical),Ophthalmology,UWorld
11/28/18 19:51,5/1/18,0,260,9/1/18,270,#N/A,#N/A,#N/A,85,273,279,"IM, Surgery, Pediatrics, OBGYN, Psychiatry, Neurology, EM, Family Medicine",,,,,,,,,,US citizen in International Medical School (US IMG),Traditional (2 years preclinical & 2 years clinical),Surgery-General,"AMBOSS, UWorld, Sketchy Micro"
11/29/18 8:18,8/18/18,4,240,9/14/18,240,#N/A,#N/A,#N/A,72,239,249,"IM, Surgery, Pediatrics, OBGYN, Psychiatry, Neurology, Family Medicine, Peds sub-I, peds hem/onc",77,74,73,79,88,,,79,,US Allopathic School (US MD),Traditional (2 years preclinical & 2 years clinical),Pediatrics,UWorld
11/29/18 10:36,,2,259,,260,240,#N/A,#N/A,#N/A,267,267,"IM, Surgery, Pediatrics, OBGYN, Psychiatry, Neurology, Family Medicine",,,,,,,,,,US Allopathic School (US MD),Traditional (2 years preclinical & 2 years clinical),Surgery-General,UWorld
11/29/18 16:29,9/11/17,4,262,10/26/18,260,258,#N/A,#N/A,82,266,267,"IM, Surgery, Pediatrics, OBGYN, Psychiatry, Family Medicine",90,92,88,90,90,,,92,,US citizen in International Medical School (US IMG),Condensed-Traditional (1.5 years preclinical),EM,"UWorld, First Aid, Goljan audio (step1 or 2)"
11/29/18 20:02,10/1/18,3,252,10/22/18,250,#N/A,#N/A,#N/A,63,240,250,"IM, Surgery, Pediatrics, OBGYN, Psychiatry, Neurology, Family Medicine",71,74,74,81,86,,88,77,,US Allopathic School (US MD),Traditional (2 years preclinical & 2 years clinical),Family Medicine,"UWorld, Anki (Zanki step2)"
,,,,,,,,,,,,,,,,,,,,,,,,,
,,,,,,,,,,,,,,,,,,,,,,,,,
,,,,,,,,,,,,,,,,,,,,,,,,,
,,,,,,,,,,,,,,,,,,,,,,,,,
,,,,,,,,,,,,,,,,,,,,,,,,,
,,,,,,,,,,,,,,,,,,,,,,,,,
,,,,,,,,,,,,,,,,,,,,,,,,,
,,,,,,,,,,,,,,,,,,,,,,,,,
,,,,,,,,,,,,,,,,,,,,,,,,,